filename,chroma_stft,spectral_centroid,spectral_bandwidth,rolloff,zero_crossing_rate,rmse,mfcc1,mfcc2,mfcc3,mfcc4,mfcc5,mfcc6,mfcc7,mfcc8,mfcc9,mfcc10,mfcc11,mfcc12,mfcc13,label
blues.00093.wav,0.3776066303253174,570.0403547660414,995.7160540010002,927.6513898455627,0.02169698315448569,0.06587731093168259,-350.4346618652344,169.5399932861328,31.811309814453125,16.683826446533203,28.706918716430664,19.251598358154297,7.86456823348999,10.033659934997559,4.731570720672607,2.913109064102173,3.9220588207244873,1.8254836797714233,-5.968805313110352,blues
blues.00026.wav,0.2783784568309784,1198.4590845429227,1573.5002754703671,2477.275945747535,0.05197268646075019,0.07711019366979599,-284.848388671875,108.74954223632812,9.129682540893555,51.251312255859375,18.123714447021484,7.632777690887451,8.775374412536621,2.3653817176818848,0.019261052832007408,2.2369272708892822,4.190629005432129,-3.3045809268951416,1.6140482425689697,blues
blues.00028.wav,0.2761554718017578,1115.728201941125,1399.0968254764118,2290.6465251595127,0.04801998743232792,0.0996667742729187,-248.96224975585938,139.03175354003906,-16.24002456665039,57.11619186401367,20.19236183166504,10.160372734069824,4.576075077056885,0.3379240334033966,-7.8628249168396,-3.4702460765838623,-2.64882493019104,-2.842670440673828,-0.8947749137878418,blues
blues.00008.wav,0.40887922048568726,1719.3689480431458,2031.7403810025385,3782.316288428074,0.06402488761600927,0.14241649210453033,-121.36394500732422,122.50668334960938,-14.738195419311523,46.131065368652344,-8.181879043579102,20.18296241760254,-19.173377990722656,23.039138793945312,-11.838223457336426,21.159997940063477,-6.7183661460876465,6.9925408363342285,-12.730597496032715,blues
blues.00023.wav,0.28082263469696045,1209.9878628924062,1497.6915639530437,2521.741260785238,0.052467009860788866,0.10203516483306885,-227.225341796875,137.78807067871094,-14.499567985534668,63.56092834472656,5.617668151855469,11.958148002624512,1.9079686403274536,-1.8893868923187256,-7.604216575622559,-2.4732885360717773,-2.891010046005249,-9.433392524719238,-10.929217338562012,blues
blues.00046.wav,0.3879675269126892,1913.0115998173114,2361.735333192992,4777.823081315255,0.05845780162412993,0.10260163247585297,-182.5737762451172,90.66755676269531,14.124545097351074,67.5492172241211,2.678699493408203,38.42982482910156,-8.410713195800781,24.12955093383789,-13.789950370788574,4.833089351654053,-16.68522834777832,5.817601680755615,-5.1466965675354,blues
blues.00033.wav,0.26063528656959534,1430.4924328152892,2075.5012632225817,3245.4683874709976,0.04197368341550657,0.13321350514888763,-238.95120239257812,108.70543670654297,34.14584732055664,30.211145401000977,-0.502582311630249,27.292957305908203,-21.39948081970215,14.171862602233887,-24.512310028076172,-1.8842662572860718,-28.0575008392334,-11.255746841430664,-16.4643611907959,blues
blues.00087.wav,0.3368588387966156,1441.899256960002,1870.4054000660294,3082.8036067104117,0.05086923880993813,0.1580333560705185,-155.55882263183594,125.64532470703125,1.6011217832565308,45.816341400146484,0.9202859997749329,25.360580444335938,-10.786452293395996,15.552300453186035,-11.912317276000977,1.2670235633850098,-6.661260604858398,-0.7978538274765015,-7.741700172424316,blues
blues.00083.wav,0.4272911846637726,2314.9277620661674,2261.8118749173873,5036.4546702798725,0.11795032144238206,0.2512422204017639,-19.85081672668457,98.88888549804688,-24.476200103759766,49.585487365722656,-16.19924545288086,30.19862937927246,-18.027074813842773,27.5583438873291,-11.40884780883789,14.873732566833496,-8.918732643127441,11.67113971710205,-10.894309043884277,blues
blues.00068.wav,0.28983941674232483,2513.313017423198,2344.9847348985395,5246.748964526537,0.13510738411156226,0.10311729460954666,-113.17525482177734,88.7322006225586,-8.929574012756348,49.483219146728516,-34.58989715576172,15.860616683959961,-17.74231719970703,14.715834617614746,-11.197930335998535,15.369882583618164,-15.0757417678833,8.753589630126953,-18.62874984741211,blues
blues.00090.wav,0.37761440873146057,1612.514944961083,1971.623034438333,3468.3195534549013,0.05819685626933488,0.1319008618593216,-177.57228088378906,115.38725280761719,9.979878425598145,54.03463363647461,7.625123023986816,28.303382873535156,-9.04052734375,20.045629501342773,-15.040255546569824,6.211400032043457,-5.691802978515625,1.3877166509628296,-5.822402477264404,blues
blues.00057.wav,0.4243854582309723,1886.9548087305845,1913.2586101558968,3828.2887611477668,0.08993966913186388,0.17597539722919464,-92.70346069335938,115.31910705566406,-35.0679817199707,57.87724685668945,1.8523945808410645,26.61256217956543,-14.536979675292969,22.130239486694336,-8.203339576721191,11.020899772644043,-5.64760684967041,7.2775115966796875,-10.205894470214844,blues
blues.00081.wav,0.38013550639152527,2116.917658960695,1956.4159121316643,4195.660527842228,0.127271093145785,0.24821805953979492,-26.977493286132812,107.32023620605469,-46.830657958984375,40.92365264892578,-21.464111328125,24.8297176361084,-18.930463790893555,15.269158363342285,-15.049077033996582,12.265071868896484,-15.231661796569824,14.336759567260742,-13.827367782592773,blues
blues.00073.wav,0.34188029170036316,2094.770098794408,2158.4328273317496,4482.428502483323,0.10054024374033256,0.25972306728363037,-30.09818458557129,103.73252868652344,-19.73797035217285,56.41559600830078,-12.698807716369629,20.189550399780273,-17.337535858154297,16.28986358642578,-18.441038131713867,8.91927433013916,-11.649421691894531,11.216392517089844,-8.838417053222656,blues
blues.00044.wav,0.390174925327301,2278.9612516967195,2375.248702933134,5198.59486024507,0.09252533171403712,0.13632091879844666,-109.51258850097656,86.9213638305664,-8.59419059753418,64.4895248413086,-6.30150842666626,43.64348602294922,-8.29083251953125,28.54578399658203,-14.082674980163574,8.128630638122559,-21.48808479309082,11.088338851928711,-5.0916852951049805,blues
blues.00091.wav,0.4220561683177948,991.393512731122,1396.7940211423736,1943.4007259643272,0.03605237637761021,0.09940700978040695,-236.2798309326172,161.689453125,-1.1508033275604248,27.263286590576172,9.597700119018555,20.608739852905273,0.23296180367469788,13.795557975769043,-0.5077890157699585,10.17383098602295,-4.457791805267334,5.511837005615234,-3.724822998046875,blues
blues.00009.wav,0.27395039796829224,1817.150863125721,1973.7733063015253,3943.490565182715,0.07917482356921887,0.08131366223096848,-213.239990234375,115.16560363769531,-11.69343090057373,39.01427459716797,-20.341278076171875,13.077605247497559,-9.173518180847168,9.011446952819824,-14.10063362121582,4.265941143035889,-6.046167373657227,3.7822065353393555,0.22179929912090302,blues
blues.00031.wav,0.25355321168899536,1330.7156174639015,1973.410537701726,2898.7888132613107,0.04294722484048724,0.15151764452457428,-221.84349060058594,110.85242462158203,18.637550354003906,30.928430557250977,3.2962281703948975,22.589956283569336,-20.40655517578125,12.122969627380371,-26.33045768737793,-4.35413122177124,-26.383853912353516,-13.032196044921875,-12.655036926269531,blues
blues.00084.wav,0.3961440622806549,2060.7502905506753,2084.838436944134,4220.074816922854,0.11336735063805105,0.23524759709835052,-38.97417068481445,112.06423950195312,-31.822336196899414,38.23631286621094,-6.324872970581055,23.32331657409668,-18.773473739624023,23.934688568115234,-10.934224128723145,13.240876197814941,-14.373942375183105,13.325974464416504,-10.919154167175293,blues
blues.00067.wav,0.337905615568161,2258.0093136888186,2175.940748059711,4754.5995300717805,0.1127057352088167,0.12911048531532288,-95.42679595947266,101.38337707519531,-20.666854858398438,48.66681671142578,-30.24024772644043,20.80408477783203,-18.285762786865234,14.132889747619629,-12.792978286743164,13.436675071716309,-14.066972732543945,7.726644992828369,-19.210399627685547,blues
blues.00004.wav,0.30852603912353516,1835.004265512071,1748.1721158264975,3579.757626703886,0.10146053871809745,0.09152871370315552,-160.33770751953125,126.21964263916016,-35.58781051635742,22.1480712890625,-32.47860336303711,10.852293968200684,-23.352331161499023,0.4984336793422699,-11.793437004089355,1.2072550058364868,-13.088418006896973,-2.8138670921325684,-6.933385372161865,blues
blues.00017.wav,0.3021240234375,1088.8442297527454,1410.984259420963,2134.9929420134863,0.048326248912412995,0.09330607950687408,-245.69937133789062,140.4910888671875,-2.7897541522979736,60.431434631347656,18.919052124023438,9.829608917236328,3.559145927429199,0.5153716802597046,-16.38768196105957,6.627509117126465,7.259214401245117,-4.014427185058594,1.6021208763122559,blues
blues.00074.wav,0.3671615421772003,2515.4624865561696,2531.268049309255,5770.931744852088,0.12089020507057231,0.19702327251434326,-55.976924896240234,87.84770965576172,-1.6107053756713867,41.19908142089844,-5.617903232574463,27.789424896240234,-23.989286422729492,21.777727127075195,-18.419082641601562,12.323680877685547,-13.712481498718262,11.851963996887207,-3.971118927001953,blues
blues.00027.wav,0.28870731592178345,1391.841952007111,1494.9545749894323,2811.698414388776,0.07241441294470224,0.09581015259027481,-228.16709899902344,130.33966064453125,-23.31070899963379,70.2002182006836,1.1293262243270874,7.589114189147949,0.9033957719802856,1.9944432973861694,-6.158844470977783,-9.380718231201172,-2.56357479095459,-4.521847724914551,-0.26998645067214966,blues
blues.00055.wav,0.43293654918670654,2032.001859230746,1976.3832347576233,4023.561439602668,0.11311924485208817,0.15774165093898773,-98.74343872070312,104.79364776611328,-35.09825134277344,60.70180892944336,-2.833249092102051,22.234495162963867,-7.831170082092285,19.035850524902344,-11.573602676391602,17.018518447875977,-5.3761515617370605,12.200968742370605,-9.956364631652832,blues
blues.00013.wav,0.2647128105163574,1324.2932181481012,1828.0392544027375,2710.269200442285,0.0514017032820959,0.113169826567173,-209.82615661621094,124.46321868896484,10.342453956604004,47.01090621948242,6.508125305175781,15.410517692565918,-2.0051074028015137,6.706565856933594,-21.557632446289062,10.718406677246094,-5.523688316345215,-2.1998050212860107,-3.034864664077759,blues
blues.00058.wav,0.3566420078277588,2068.3584755845045,2034.1372405574825,4231.765697505801,0.10435170751160093,0.161992609500885,-95.4172134399414,105.22087860107422,-26.94136619567871,60.80900192260742,-4.836373329162598,21.534189224243164,-13.509193420410156,12.124086380004883,-20.229076385498047,12.142189979553223,-5.2252397537231445,10.261720657348633,-9.443687438964844,blues
blues.00050.wav,0.40093597769737244,1945.5331078931836,2081.878471910416,4174.593627646462,0.08579060022718484,0.1823381781578064,-82.99971771240234,107.08580780029297,-25.335439682006836,57.10451126098633,0.08550354838371277,34.68258285522461,-11.055122375488281,20.543169021606445,-11.194478988647461,14.819605827331543,-10.233335494995117,12.546019554138184,-9.75373363494873,blues
blues.00097.wav,0.37506237626075745,1236.230772340908,1601.9219812724646,2603.335946563225,0.04461485825116009,0.19832859933376312,-148.64039611816406,145.7819061279297,-9.368232727050781,48.443389892578125,10.5608491897583,17.99810791015625,-2.6285998821258545,16.948360443115234,-11.505926132202148,8.716079711914062,-8.173254013061523,3.215705394744873,-0.6647520065307617,blues
blues.00043.wav,0.39892062544822693,2155.8796287547634,2372.127373624907,5011.574078270011,0.08717463022041763,0.12738555669784546,-109.10599517822266,100.60877227783203,-8.656534194946289,47.35041427612305,-6.558297634124756,39.607635498046875,-8.515619277954102,29.5655460357666,-16.585535049438477,13.163907051086426,-24.209251403808594,6.576562881469727,-8.647177696228027,blues
blues.00056.wav,0.3910509943962097,1811.7712543400935,2052.5062498487905,3928.8186765878772,0.07550308451759474,0.1378711462020874,-145.28097534179688,102.806640625,-12.529431343078613,57.00588607788086,2.262869358062744,26.58543586730957,-4.288537502288818,17.328523635864258,-7.993435382843018,15.229497909545898,-6.934699535369873,7.458768367767334,-10.468452453613281,blues
blues.00064.wav,0.33265000581741333,2553.361182654169,2280.266169662653,5148.3757001341355,0.14683293153035576,0.11743242293596268,-85.1087646484375,88.7997055053711,-16.3128604888916,59.226768493652344,-35.97644805908203,14.388839721679688,-22.2947998046875,9.654230117797852,-14.818460464477539,11.17513370513916,-14.799715995788574,8.472940444946289,-19.585275650024414,blues
blues.00062.wav,0.3118726313114166,2280.276471978505,2119.8660015977293,4733.132941650957,0.11714180624033256,0.10628481954336166,-144.8915252685547,95.7111587524414,-21.60584259033203,49.6188850402832,-29.86956787109375,29.345918655395508,-18.841981887817383,17.888395309448242,-9.663155555725098,5.508204460144043,-9.54762077331543,6.353426456451416,-21.0795955657959,blues
blues.00048.wav,0.3795294761657715,2148.1976094245806,2204.3318445721256,4672.197141005656,0.09876687270398299,0.12396910786628723,-106.35535430908203,102.65629577636719,-20.146087646484375,59.348873138427734,-9.948382377624512,33.6873893737793,-14.171320915222168,23.52147102355957,-13.31356143951416,15.990456581115723,-18.923526763916016,7.813086032867432,-7.785444736480713,blues
blues.00021.wav,0.3211003839969635,1046.5500105240208,1481.0580892453977,1830.330592463022,0.047907452387857694,0.10113207995891571,-264.72259521484375,138.8684539794922,11.194063186645508,48.5042610168457,14.930756568908691,20.580284118652344,3.2070086002349854,1.2489558458328247,-15.846456527709961,15.978459358215332,3.3691329956054688,-1.510806679725647,1.9059253931045532,blues
blues.00066.wav,0.37459319829940796,2340.802465391952,2256.6151021309415,4972.962530361804,0.12179161832946636,0.11046107858419418,-116.57125091552734,97.4170913696289,-13.875514030456543,48.960174560546875,-22.583494186401367,27.748411178588867,-20.233152389526367,18.630678176879883,-14.630755424499512,8.474961280822754,-16.633268356323242,11.013935089111328,-13.859322547912598,blues
blues.00054.wav,0.45274579524993896,2030.6571856229584,1987.3831480166216,4063.388705862094,0.10339893597737819,0.2009461224079132,-57.91959762573242,108.99028778076172,-36.20756530761719,64.04552459716797,1.4388396739959717,26.31161117553711,-17.4777889251709,20.425270080566406,-9.540508270263672,18.16973114013672,-6.060152053833008,13.864049911499023,-11.291088104248047,blues
blues.00092.wav,0.39091360569000244,918.5851689491233,1437.7359095786944,1600.3266726181844,0.03231153023491879,0.06308422982692719,-332.4126892089844,128.06752014160156,28.91122055053711,41.81930923461914,31.2651424407959,23.32264518737793,5.815548896789551,9.009305953979492,-3.875854253768921,3.732431650161743,-0.8626898527145386,-0.4327590763568878,1.5098412036895752,blues
blues.00010.wav,0.303993284702301,1409.9552556449528,1512.3102651538215,2765.9008052675463,0.06295882576856149,0.14286506175994873,-173.79249572753906,137.18670654296875,-23.72404670715332,26.978429794311523,-16.657691955566406,4.180879592895508,-12.559927940368652,5.83218240737915,-2.8743176460266113,-1.1974202394485474,-1.954834222793579,1.801499843597412,-2.989647150039673,blues
blues.00045.wav,0.4294368028640747,1739.134032915427,2290.4071318859023,4551.141569841212,0.048048310010634185,0.14835843443870544,-163.21676635742188,89.77884674072266,12.976251602172852,80.70230102539062,3.665379047393799,39.738739013671875,-5.406734943389893,26.49373435974121,-13.169927597045898,2.704878091812134,-20.55013656616211,6.014822483062744,-2.9036598205566406,blues
blues.00024.wav,0.26311221718788147,1120.019466933193,1447.8898990912126,2323.820647839327,0.04727604770881671,0.08694726973772049,-274.3658142089844,130.4112548828125,-6.351286888122559,70.40298461914062,13.26972770690918,9.473775863647461,7.735329627990723,-1.2349663972854614,-0.5723899006843567,-2.3033547401428223,3.7735159397125244,0.07561231404542923,-0.9389716386795044,blues
blues.00072.wav,0.30696582794189453,2595.0823249210684,2519.1688215468994,5660.126511292779,0.1291906086861949,0.1039118692278862,-118.68522644042969,87.6120376586914,6.561460971832275,45.09775161743164,-38.890350341796875,20.827125549316406,-26.84431266784668,13.802651405334473,-17.22498893737793,5.103333950042725,-15.703388214111328,3.98486065864563,-27.523128509521484,blues
blues.00088.wav,0.37802717089653015,1006.6456939324204,1530.2908447793359,2074.4401759171983,0.032053605955143075,0.142042338848114,-194.266357421875,151.8695068359375,-1.2119414806365967,39.191307067871094,16.586870193481445,18.250896453857422,-1.3981677293777466,14.875310897827148,-11.621238708496094,2.447584629058838,-5.082455635070801,3.9396755695343018,-0.8976719379425049,blues
blues.00059.wav,0.4058392643928528,2235.589429058707,2099.8120761227233,4389.434375453161,0.1422416527697216,0.1699792742729187,-86.23715209960938,91.96127319335938,-23.41744613647461,68.26248168945312,-3.8877365589141846,22.747169494628906,-9.899862289428711,16.890066146850586,-11.391861915588379,18.431488037109375,-7.0117034912109375,10.761970520019531,-11.946138381958008,blues
blues.00053.wav,0.41244471073150635,2171.445862789447,1954.4902598720162,4237.319698466502,0.1328151434406419,0.16834376752376556,-76.69792175292969,105.73820495605469,-43.17215347290039,60.95427322387695,-8.757207870483398,21.224143981933594,-12.855764389038086,18.59625244140625,-11.396047592163086,14.538467407226562,-6.048134803771973,12.722726821899414,-9.365224838256836,blues
blues.00030.wav,0.26319384574890137,1379.1893819362376,2004.2106632641949,3016.513649216937,0.039366118039443156,0.17006206512451172,-206.9381103515625,117.79183959960938,23.26499366760254,28.300045013427734,-1.102283000946045,18.867183685302734,-21.97161102294922,17.848024368286133,-25.590238571166992,2.135104179382324,-17.77729606628418,-8.010591506958008,-17.620141983032227,blues
blues.00032.wav,0.2762448191642761,1309.3824080697555,1883.0429032287732,2763.1862560723607,0.03938839846771075,0.10132135450839996,-288.715087890625,105.92636108398438,18.819950103759766,23.67445945739746,5.700168132781982,25.559085845947266,-13.450493812561035,12.429512023925781,-11.961186408996582,1.589507818222046,-15.623069763183594,-6.638754844665527,-11.685787200927734,blues
blues.00049.wav,0.27757537364959717,1318.1914651872382,1904.5479565843298,3044.8831863580335,0.039961269818252126,0.08858688175678253,-256.01666259765625,110.8558578491211,21.525787353515625,67.5418930053711,4.30601167678833,43.08662796020508,-4.4948859214782715,10.416362762451172,-8.694551467895508,1.6574186086654663,-20.58704948425293,-2.451857089996338,-7.1194586753845215,blues
blues.00039.wav,0.2552458643913269,1151.0089925770378,1709.0839761116583,2311.446966538573,0.03532089858855375,0.08586248010396957,-301.7304992675781,111.54287719726562,21.90022850036621,16.151121139526367,8.20067310333252,22.084373474121094,-8.597672462463379,1.4887747764587402,-17.071401596069336,-8.334585189819336,-17.008359909057617,-10.573770523071289,-15.67957592010498,blues
blues.00034.wav,0.2623637914657593,1537.098020551203,2157.3630489633424,3602.423279799884,0.04570244525812065,0.13593539595603943,-217.15489196777344,105.78446197509766,15.6065092086792,25.25981903076172,-1.4457652568817139,30.199508666992188,-17.717384338378906,17.318798065185547,-27.21879768371582,4.336658477783203,-20.061996459960938,-10.700785636901855,-14.232641220092773,blues
blues.00065.wav,0.29283738136291504,2816.2257386186943,2371.9694142121566,5613.621120939675,0.14628196297370458,0.10036323964595795,-118.32656860351562,74.87022399902344,-19.865346908569336,46.952423095703125,-32.546905517578125,23.82530403137207,-26.349979400634766,17.683982849121094,-13.814810752868652,11.937552452087402,-17.884918212890625,7.534260272979736,-22.89263343811035,blues
blues.00099.wav,0.37021470069885254,1538.394496500457,1703.2818137002153,3174.215634516386,0.07476858565351895,0.10501129180192947,-177.22959899902344,136.2388458251953,-26.8989200592041,36.37725830078125,-18.750823974609375,20.90453338623047,-1.7669031620025635,3.0081381797790527,-5.599134922027588,5.643149375915527,-8.105226516723633,5.650680065155029,-10.783146858215332,blues
blues.00080.wav,0.3682447373867035,1827.2085001488215,1898.679904614823,3743.563184273492,0.09403926793310131,0.24246586859226227,-54.68325424194336,119.47451782226562,-34.85563278198242,37.53553009033203,-15.873323440551758,22.069040298461914,-14.651430130004883,18.519676208496094,-9.633943557739258,11.256524085998535,-11.72150993347168,11.538056373596191,-6.424896717071533,blues
blues.00077.wav,0.40888819098472595,2207.2191647229342,2191.664121020965,4658.382916727088,0.11153393573569219,0.24322885274887085,-28.951168060302734,104.51781463623047,-30.971534729003906,38.158451080322266,-8.001604080200195,30.886062622070312,-20.604154586791992,25.81614875793457,-12.962701797485352,16.937759399414062,-12.27035140991211,10.782378196716309,-10.557270050048828,blues
blues.00001.wav,0.3409135937690735,1530.1766787460795,2039.0365160924296,3550.5220984084976,0.05603980870552978,0.09594780951738358,-207.50169372558594,123.99126434326172,8.955126762390137,35.877647399902344,2.9073197841644287,21.510465621948242,-8.560436248779297,23.370685577392578,-10.099660873413086,11.900497436523438,-5.555638790130615,5.3763275146484375,-2.231760263442993,blues
blues.00019.wav,0.25732481479644775,1195.4703757774462,1481.3188804548583,2235.264725474913,0.05888603900812065,0.09765975177288055,-236.65675354003906,138.4092559814453,-4.9129109382629395,47.629173278808594,5.184200286865234,8.876614570617676,0.5138149261474609,-3.804673910140991,-14.988870620727539,10.417067527770996,-0.3336379826068878,0.7759848237037659,1.7773184776306152,blues
blues.00016.wav,0.30418556928634644,1454.9639409753458,1825.7979596938358,3009.460817412268,0.06134406117072699,0.081471748650074,-233.75909423828125,120.67514038085938,-3.1748061180114746,39.51847839355469,3.8183367252349854,18.837141036987305,-3.6778173446655273,4.433138370513916,-14.965524673461914,17.578216552734375,1.841871976852417,2.549422025680542,-1.2331676483154297,blues
blues.00040.wav,0.3979959189891815,2272.4395473323143,2356.806513929841,5108.215360353828,0.09764303279679042,0.13489198684692383,-110.24799346923828,90.70293426513672,-2.5257558822631836,74.05793762207031,-11.753321647644043,39.20773696899414,-13.160562515258789,20.54209327697754,-17.15308952331543,12.81263256072998,-21.43007469177246,5.952003479003906,-8.023324012756348,blues
blues.00078.wav,0.4141762852668762,2333.510453703183,2227.3997563719604,4942.594552095417,0.12381951493619489,0.25811767578125,-2.5103695392608643,101.25531768798828,-33.92262268066406,41.525245666503906,-13.803001403808594,31.917938232421875,-21.86882972717285,24.465660095214844,-15.869251251220703,15.800548553466797,-14.362422943115234,12.509905815124512,-13.368964195251465,blues
blues.00089.wav,0.3484747111797333,798.4511724715967,1285.3625233974278,1454.4238167959686,0.025648171645398298,0.05285291746258736,-346.9693298339844,139.27304077148438,24.147859573364258,22.209930419921875,18.7039737701416,11.669041633605957,9.0338134765625,6.945858001708984,-2.0199179649353027,5.4189276695251465,1.6741572618484497,-2.352553129196167,3.1986165046691895,blues
blues.00037.wav,0.24863409996032715,1188.3081417864564,1682.835307654503,2339.291912884281,0.048163866130123745,0.0691884383559227,-328.5606994628906,102.728515625,19.836584091186523,26.70600700378418,7.145409107208252,22.727981567382812,-6.951726913452148,12.816983222961426,-10.727912902832031,-0.42469412088394165,-12.378795623779297,-8.898337364196777,-9.208456993103027,blues
blues.00000.wav,0.3500881493091583,1784.1658495387549,2002.4490601176958,3805.8396058403423,0.08304482066898686,0.1302279233932495,-113.57064819335938,121.57179260253906,-19.168142318725586,42.36642074584961,-6.364664077758789,18.623498916625977,-13.704889297485352,15.34315013885498,-12.274109840393066,10.976572036743164,-8.326573371887207,8.803792953491211,-3.672300100326538,blues
blues.00014.wav,0.32903629541397095,1171.8482269140313,1705.5192986171514,2344.2463815073957,0.045036675850734724,0.06705453246831894,-305.65472412109375,113.08634185791016,12.11442756652832,45.0337028503418,17.76282501220703,14.573330879211426,4.159429550170898,0.21354468166828156,-7.026995658874512,13.641990661621094,8.929174423217773,1.3030062913894653,5.9612507820129395,blues
blues.00020.wav,0.3026115894317627,1390.3015575567936,1911.3145801760022,3006.1717163935614,0.05258634232405259,0.07547449320554733,-230.35765075683594,127.07833099365234,7.123446941375732,39.774898529052734,1.9210494756698608,17.411779403686523,-5.619414806365967,8.249394416809082,-18.11688804626465,13.835063934326172,-3.769932270050049,2.57201886177063,-4.318345546722412,blues
blues.00060.wav,0.43080729246139526,1946.3310796193784,1979.9119618616166,3955.531172962587,0.09742287195475638,0.19630733132362366,-67.73307037353516,111.70729064941406,-34.63865280151367,61.31437301635742,0.05263520032167435,30.556970596313477,-12.68790340423584,21.154878616333008,-13.119317054748535,16.277114868164062,-6.327083587646484,12.3005952835083,-12.468253135681152,blues
blues.00036.wav,0.23339813947677612,1247.355029710244,1908.0921517329518,2620.1894667198376,0.03690734060808198,0.19774682819843292,-200.1992950439453,116.36308288574219,18.04737091064453,25.26357078552246,0.31005463004112244,24.1772518157959,-22.223514556884766,11.183533668518066,-26.846263885498047,-7.637380599975586,-24.856096267700195,-12.01226806640625,-17.015975952148438,blues
blues.00098.wav,0.44296568632125854,2310.498240496839,2206.581011273916,4829.324574481583,0.12843231885634185,0.12545542418956757,-90.64325714111328,100.09117889404297,-23.92904281616211,52.59300231933594,-20.92109489440918,31.491981506347656,-11.215682029724121,20.0783634185791,-10.89381217956543,17.5513916015625,-14.089797019958496,12.984855651855469,-11.429145812988281,blues
blues.00079.wav,0.42143550515174866,2442.8714095935434,2358.6150380411736,5267.699288989994,0.12468240948859242,0.2709415853023529,-3.5548322200775146,92.92088317871094,-25.078384399414062,45.17466735839844,-10.851961135864258,31.862457275390625,-18.039073944091797,28.624465942382812,-10.219611167907715,14.666830062866211,-14.900479316711426,14.735523223876953,-15.599456787109375,blues
blues.00061.wav,0.45193883776664734,2503.94548833885,2180.550532894031,5077.372752320186,0.16753371519721577,0.14172586798667908,-82.5050048828125,94.15338897705078,-27.101465225219727,75.6622085571289,-27.513668060302734,35.57133102416992,-20.290781021118164,25.110946655273438,-15.360645294189453,11.34438419342041,-13.393383026123047,8.138589859008789,-8.497068405151367,blues
blues.00038.wav,0.26588812470436096,1514.1006734453892,2141.012234070475,3451.915682551479,0.044373172249613305,0.16808383166790009,-192.65745544433594,111.15711975097656,21.361005783081055,26.399404525756836,-0.644347608089447,23.491514205932617,-25.469894409179688,16.92310333251953,-16.975648880004883,5.7756428718566895,-25.738422393798828,-5.051983833312988,-17.62748908996582,blues
blues.00076.wav,0.3656257390975952,2645.785682883694,2426.248037122265,5612.796763975493,0.13647177711716937,0.21900226175785065,-52.69724655151367,74.43336486816406,-18.696767807006836,56.3123664855957,-3.9390392303466797,31.985342025756836,-16.466190338134766,22.403118133544922,-12.257939338684082,27.21243667602539,-9.248946189880371,7.785403251647949,-10.56844711303711,blues
blues.00075.wav,0.4665292203426361,2224.1107373201194,2254.8556747024654,4700.23360462587,0.10850946200696056,0.1921139508485794,-86.47736358642578,92.6988754272461,-15.325850486755371,54.053924560546875,0.89536052942276,31.571151733398438,-14.603639602661133,23.317848205566406,-14.964165687561035,15.332833290100098,-7.043209075927734,12.178524017333984,-6.086116313934326,blues
blues.00085.wav,0.31530827283859253,1311.8487999488907,1673.7053271343575,2636.8514696019433,0.05939169143948182,0.15017417073249817,-180.18817138671875,131.44895935058594,0.5902894735336304,43.14632797241211,14.139362335205078,25.625078201293945,-5.311243534088135,12.02669906616211,-13.540603637695312,-1.1033917665481567,-7.605921745300293,2.716887950897217,0.7825517654418945,blues
blues.00082.wav,0.33917519450187683,2141.518181873434,2168.2970798657957,4628.622797636311,0.10512510271655066,0.2514062225818634,-29.326496124267578,108.64618682861328,-25.54888153076172,38.45244216918945,-18.30902862548828,21.78704071044922,-25.13290023803711,22.377872467041016,-17.582578659057617,14.664047241210938,-12.076519012451172,5.47578239440918,-7.672954082489014,blues
blues.00022.wav,0.30653685331344604,1155.781220867789,1497.964258762891,2169.033055847593,0.05856995903422274,0.1134258508682251,-233.9562530517578,136.1457061767578,3.324411392211914,48.928531646728516,8.71544361114502,13.966021537780762,5.366596698760986,0.3995398283004761,-13.469852447509766,16.877717971801758,5.148091793060303,-2.2498209476470947,3.9479072093963623,blues
blues.00070.wav,0.32280921936035156,2159.3919998358315,2130.2243806567953,4684.529188116299,0.09834769854505027,0.10613685846328735,-133.01597595214844,105.73445129394531,-22.14999771118164,41.83109664916992,-26.984575271606445,19.115873336791992,-26.562511444091797,19.230762481689453,-15.33800983428955,6.986509323120117,-10.808671951293945,6.79641580581665,-11.725245475769043,blues
blues.00086.wav,0.36586055159568787,1245.730096028976,1634.6687460656156,2518.210681463892,0.04881868414056458,0.12495680898427963,-212.76222229003906,139.04974365234375,9.453370094299316,35.44753646850586,12.7069673538208,20.415393829345703,-5.578319072723389,10.880581855773926,-8.735504150390625,8.058368682861328,0.16820089519023895,2.646514415740967,-1.029334306716919,blues
blues.00069.wav,0.29200130701065063,2371.4805438318162,2210.070449826128,5005.229027697216,0.12512877332269914,0.11652310937643051,-121.44898223876953,96.0805435180664,-19.589839935302734,48.030216217041016,-38.77530288696289,24.75970458984375,-32.9304313659668,8.096977233886719,-17.808059692382812,6.114920139312744,-19.98377227783203,6.8023176193237305,-19.32695960998535,blues
blues.00047.wav,0.3364203870296478,2013.0116652479721,2310.1404494188737,4848.826029129205,0.07532370818832174,0.11225929111242294,-149.94027709960938,93.65088653564453,6.355070114135742,71.50347137451172,-8.12153148651123,36.191162109375,-9.775336265563965,17.647842407226562,-21.107519149780273,-0.13968181610107422,-22.2019100189209,5.421947479248047,-7.4585795402526855,blues
blues.00041.wav,0.38686779141426086,2390.39009977241,2463.308268746796,5403.435075587297,0.10226074596384377,0.12916584312915802,-107.1702651977539,88.48818969726562,-4.169412136077881,55.47771072387695,-8.013871192932129,38.4151611328125,-6.410024642944336,28.572668075561523,-19.82160758972168,13.238089561462402,-19.25309944152832,12.07236099243164,-4.578393936157227,blues
blues.00095.wav,0.36994367837905884,1388.6351567802292,1773.0236397090016,2754.859418050319,0.05714703270011601,0.18709316849708557,-130.55099487304688,139.9589080810547,-1.285941481590271,39.31916427612305,-6.340002536773682,19.773426055908203,-11.211193084716797,27.243547439575195,-16.549047470092773,7.035858631134033,-1.1956475973129272,1.6025089025497437,-6.6392903327941895,blues
blues.00094.wav,0.3766845762729645,1239.1955798268343,1659.8409326614265,2517.2530950913574,0.05087905730375097,0.14106890559196472,-206.2639923095703,126.61661529541016,10.599262237548828,43.217926025390625,12.51242446899414,19.43365478515625,0.3636587858200073,12.74484634399414,-4.568614959716797,4.0517354011535645,-4.407840728759766,3.657618999481201,-1.4461640119552612,blues
blues.00006.wav,0.29132798314094543,1459.366471695765,1389.009131184951,2795.610963330191,0.07305223740815932,0.14187414944171906,-190.0523681640625,130.28907775878906,-36.36953353881836,33.02903366088867,11.108781814575195,-0.6055835485458374,-20.871854782104492,0.2730247676372528,-6.486140251159668,-5.516767501831055,-7.839751720428467,-3.128592014312744,-6.596197128295898,blues
blues.00007.wav,0.3079547882080078,1451.6670658428156,1577.2709414206088,2954.836759987674,0.061442246108855375,0.13182218372821808,-179.34713745117188,136.46900939941406,-26.673137664794922,39.9842414855957,5.304416656494141,10.928611755371094,-20.56482696533203,8.511157035827637,-11.35724925994873,-3.46834659576416,-8.419937133789062,-6.949715614318848,-3.5391392707824707,blues
blues.00012.wav,0.26939114928245544,1360.6411972395067,1567.5652250221772,2738.6387375833815,0.06909500676720805,0.11904605478048325,-207.2233123779297,132.83055114746094,-15.42884349822998,60.970924377441406,0.7298721075057983,12.437646865844727,1.1827994585037231,-1.5466231107711792,-17.87943458557129,8.352728843688965,-2.4581611156463623,-0.603384792804718,0.3859608471393585,blues
blues.00096.wav,0.26052457094192505,1132.1359575420695,1582.635546382416,2064.9642342481147,0.04829301708720031,0.051399506628513336,-314.5491943359375,139.91534423828125,11.902837753295898,30.142545700073242,-7.547296524047852,14.91878604888916,-2.708117723464966,6.7304277420043945,-6.364284038543701,2.81213116645813,-11.729843139648438,2.087114095687866,-11.437922477722168,blues
blues.00051.wav,0.3936876654624939,1977.2342507767992,1928.1088183371203,3943.4489309926043,0.10660165313225058,0.19667555391788483,-55.60753631591797,114.93162536621094,-37.031944274902344,64.88949584960938,-7.1417155265808105,15.237939834594727,-16.232675552368164,18.631574630737305,-9.752266883850098,21.454282760620117,-5.648910999298096,12.788084983825684,-16.53047752380371,blues
blues.00063.wav,0.33023136854171753,2840.060760885935,2444.1894680781293,5711.836175409658,0.15441054294760248,0.0962734967470169,-129.12652587890625,72.0824966430664,-7.753566265106201,49.24270248413086,-32.71528625488281,21.595111846923828,-27.360631942749023,14.991586685180664,-10.249058723449707,12.41981029510498,-17.02576446533203,7.111831188201904,-18.006038665771484,blues
blues.00025.wav,0.29095977544784546,1109.3527843880802,1463.217701555025,2243.3417583562937,0.051697390999613305,0.0892152190208435,-249.28456115722656,131.0046844482422,0.6714349389076233,66.70393371582031,17.91480255126953,4.6216864585876465,6.613104343414307,1.2425214052200317,1.4125672578811646,-1.589808464050293,-0.9819214940071106,-3.5757908821105957,-2.926955223083496,blues
blues.00005.wav,0.302456259727478,1831.993939606849,1729.6532869429993,3481.5175917198376,0.09404153373936582,0.10349363833665848,-177.7742462158203,118.20548248291016,-17.565879821777344,30.762401580810547,-21.747840881347656,11.920992851257324,-20.730995178222656,3.186577796936035,-8.586038589477539,-0.9328521490097046,-11.77243423461914,-2.405832290649414,-9.34366512298584,blues
blues.00003.wav,0.4047847092151642,1070.1066149971296,1596.4128721770285,2184.7457991951856,0.03330886262567672,0.14109300076961517,-199.54420471191406,150.0908966064453,5.662678241729736,26.859079360961914,1.7713992595672607,14.234030723571777,-4.832005977630615,9.286494255065918,-0.7591864466667175,8.137606620788574,-3.200653076171875,6.079319000244141,-2.4801738262176514,blues
blues.00018.wav,0.2699323296546936,1537.5876985238385,2054.5295106953618,3495.51500643489,0.056141769987432324,0.07970637083053589,-252.49301147460938,104.9371109008789,15.33231258392334,42.666969299316406,6.783058166503906,21.605682373046875,-1.2978408336639404,5.675407409667969,-16.63263511657715,12.173101425170898,-1.9472849369049072,1.950844407081604,-0.8903192281723022,blues
blues.00052.wav,0.33900779485702515,1443.8101061604425,1670.850631825415,3070.713037902407,0.0671879531612529,0.09888217598199844,-225.23013305664062,117.62688446044922,-14.539373397827148,64.79603576660156,12.908660888671875,19.03742027282715,10.666170120239258,9.886661529541016,-2.3966429233551025,11.685090065002441,1.5415067672729492,3.0658137798309326,-7.627123832702637,blues
blues.00029.wav,0.2803565561771393,1648.8351694525165,2189.9858650908577,3759.8921136347158,0.05289486961040216,0.1247364804148674,-233.71510314941406,101.19902038574219,17.65089988708496,23.740633010864258,2.079885244369507,25.938901901245117,-16.969043731689453,15.079570770263672,-22.27737808227539,4.385385513305664,-23.197580337524414,-6.036645412445068,-5.057098388671875,blues
blues.00011.wav,0.36715206503868103,1352.6596654421637,1756.7797951648834,2880.7778626196346,0.043930584759280744,0.0657406896352768,-287.9237365722656,124.01875305175781,5.4698920249938965,33.65740966796875,1.0954971313476562,14.705334663391113,-4.877008438110352,8.670524597167969,0.7854050397872925,6.579525947570801,-4.874973773956299,-3.1782238483428955,-5.536157608032227,blues
blues.00035.wav,0.2883848249912262,1506.8728757224978,2096.692972758199,3404.1862470091355,0.04541997474381284,0.17337872087955475,-171.7732696533203,120.2935791015625,15.340431213378906,21.10759162902832,-5.385007858276367,24.195363998413086,-24.13754653930664,18.54475212097168,-22.348499298095703,1.3194950819015503,-20.763225555419922,-4.9818878173828125,-17.10808753967285,blues
blues.00015.wav,0.2696904242038727,1420.3651651340074,1731.1642811796812,2929.964494815835,0.06370125495456304,0.08062402158975601,-238.51553344726562,120.11017608642578,-4.229358673095703,42.29069519042969,5.928563117980957,13.917267799377441,5.35786771774292,1.8955572843551636,-16.936676025390625,12.350621223449707,3.9459798336029053,-1.3935847282409668,0.019285209476947784,blues
blues.00002.wav,0.36363720893859863,1552.811864761004,1747.7023116676032,3042.2602323810906,0.07629120746326373,0.17557041347026825,-90.72259521484375,140.44630432128906,-29.093889236450195,31.68433380126953,-13.984503746032715,25.764741897583008,-13.664875030517578,11.639933586120605,-11.783641815185547,9.71876049041748,-13.133803367614746,5.791199207305908,-8.907628059387207,blues
blues.00071.wav,0.3051750957965851,2428.92876695113,2286.7107801380635,5064.932456315255,0.13464138328982986,0.12055984884500504,-89.35488891601562,93.8003921508789,-14.560050010681152,54.388641357421875,-33.50299072265625,19.423904418945312,-19.761011123657227,13.031585693359375,-13.86151123046875,14.615302085876465,-14.968036651611328,10.597503662109375,-18.02216911315918,blues
blues.00042.wav,0.3775384724140167,2301.609667012493,2367.518780747192,5187.578453541908,0.09782391966357308,0.11100128293037415,-159.55165100097656,69.79762268066406,-4.398991107940674,76.8465805053711,3.9188270568847656,45.17317199707031,-4.855005264282227,32.20482635498047,-9.796014785766602,7.812652587890625,-21.82110595703125,9.690987586975098,-2.5877127647399902,blues
classical.00029.wav,0.24686956405639648,1559.019163275448,1578.7751885648102,2922.728472574681,0.09219376873066512,0.041655078530311584,-297.10601806640625,130.26211547851562,-30.601587295532227,27.4826717376709,-7.076252460479736,1.9827834367752075,-11.144333839416504,4.747302532196045,-8.777671813964844,5.411510467529297,-5.389878273010254,4.459779739379883,1.7396448850631714,classical
classical.00095.wav,0.22769300639629364,1800.8886921601006,1781.0685018456504,3427.2432614921695,0.12435424521461717,0.013563835993409157,-422.53924560546875,89.84893035888672,-18.7363224029541,37.78148651123047,5.9981842041015625,4.1557297706604,-1.9904109239578247,12.125072479248047,4.162502288818359,13.789372444152832,2.827352285385132,5.892104148864746,6.119676113128662,classical
classical.00068.wav,0.2572900950908661,1559.8689033036005,1616.1109335321537,2813.322147803074,0.09517254869972931,0.05737665295600891,-234.39540100097656,130.25942993164062,-39.53585433959961,19.33927345275879,-6.798908233642578,-5.137262344360352,-3.7139501571655273,-4.032188892364502,-5.072198867797852,-1.3705569505691528,-7.748773574829102,-4.379882335662842,0.4718628525733948,classical
classical.00045.wav,0.23614874482154846,1176.4774630291588,1504.1278931635093,1903.2370042067307,0.06226149338942308,0.13835451006889343,-171.1051788330078,156.93057250976562,-21.84981918334961,5.337416648864746,-4.054869174957275,-3.720825672149658,-8.906785011291504,-4.932888031005859,-7.912198066711426,-5.397179126739502,-9.334654808044434,-6.601844310760498,-7.79288911819458,classical
classical.00004.wav,0.22157377004623413,1705.5632594748913,1646.064010327941,3174.931742586282,0.11285716659416087,0.042316313832998276,-259.9151306152344,118.95016479492188,-35.61749267578125,31.963693618774414,-16.52582359313965,10.616533279418945,-15.653919219970703,7.417118549346924,-5.822311878204346,8.268571853637695,-17.98200225830078,-1.185532569885254,-6.355772495269775,classical
classical.00005.wav,0.2685302495956421,1431.0551928724476,1558.1129466265593,2835.996127737094,0.07521004024071926,0.043262235820293427,-264.29302978515625,138.1752166748047,-30.083683013916016,37.823177337646484,-7.171176910400391,6.760847091674805,-11.79360580444336,4.705314636230469,-9.814957618713379,5.850405693054199,-9.559946060180664,2.679333209991455,-4.782588481903076,classical
classical.00057.wav,0.2538405656814575,1751.1195628510188,1929.7887817699857,3235.576103900812,0.09522957149071926,0.016785860061645508,-367.0795593261719,112.85552215576172,-18.75359344482422,10.180059432983398,-1.6129134893417358,3.79988694190979,0.9236704707145691,5.0653157234191895,-5.364200115203857,-9.513914108276367,-8.492563247680664,-1.788250207901001,1.2849100828170776,classical
classical.00046.wav,0.34680336713790894,1878.382005168527,1964.6884089737725,3633.324175699681,0.11157585315158546,0.11509930342435837,-85.28141021728516,118.44718933105469,-31.481365203857422,20.285137176513672,-4.41913366317749,6.912792205810547,-10.956019401550293,-1.6264210939407349,-7.365119457244873,-3.0169639587402344,-4.439847946166992,-1.4137578010559082,-4.253591537475586,classical
classical.00066.wav,0.18706390261650085,794.9550523902033,1295.5050815080424,1007.680630075406,0.04502194811001547,0.031794387847185135,-429.1732482910156,175.1746368408203,31.85898780822754,4.301976203918457,1.034889817237854,-5.77147912979126,-9.490331649780273,-11.280266761779785,-10.573994636535645,-8.665821075439453,-6.329770565032959,-1.675411343574524,0.825934886932373,classical
classical.00083.wav,0.2448527067899704,852.7957557019583,997.1589913136914,1401.0154777225928,0.050776340753093584,0.04188467934727669,-338.8352966308594,190.21205139160156,-16.310832977294922,3.6976735591888428,-0.4375147223472595,-8.8909273147583,-10.380199432373047,-16.367563247680664,-13.282546043395996,-10.782711029052734,-8.636702537536621,-8.278225898742676,-4.625417709350586,classical
classical.00090.wav,0.21590140461921692,2172.1382928954195,1883.3500660800648,4066.4529822542054,0.15196460508507348,0.023853251710534096,-326.32940673828125,85.93001556396484,-42.96249771118164,31.845888137817383,-19.57003402709961,9.995521545410156,-16.44505500793457,9.990250587463379,-8.603288650512695,25.50757598876953,6.538925647735596,16.397541046142578,3.4896814823150635,classical
classical.00063.wav,0.22687286138534546,690.2008583146431,1358.39767779195,749.1406363290313,0.03604482369006187,0.020146258175373077,-465.9222717285156,180.20205688476562,56.68280029296875,11.03125,5.835223197937012,0.7342115044593811,-3.96238374710083,-5.885416507720947,-8.461982727050781,-9.784012794494629,-7.692601680755615,-3.254734516143799,-1.8574461936950684,classical
classical.00089.wav,0.2172875851392746,2423.299494201249,1884.6886047854996,4296.515189965197,0.16665269419470224,0.03513428196310997,-301.90838623046875,57.53806686401367,-59.134185791015625,33.547447204589844,-20.903156280517578,17.73060417175293,-0.6357386112213135,49.011356353759766,19.13300895690918,27.09926414489746,-17.64959144592285,-0.2955551743507385,-3.74296236038208,classical
classical.00013.wav,0.2321762591600418,1387.9618032265548,1456.1411319411138,2598.38147794011,0.08087606643948182,0.03172732889652252,-343.1076354980469,140.1201934814453,-20.924882888793945,32.32437515258789,-3.6848630905151367,2.939077854156494,-10.673026084899902,0.3100768029689789,-5.799783706665039,7.684965133666992,-3.6724331378936768,2.5573291778564453,-3.492750644683838,classical
classical.00026.wav,0.24572762846946716,1278.5133569479156,1311.7960809111605,2233.1580354553366,0.08173216357308585,0.038927171379327774,-319.22369384765625,143.68585205078125,-31.175630569458008,10.934249877929688,-5.542382717132568,-4.252718925476074,-8.938604354858398,-5.591285705566406,-8.019123077392578,2.3341166973114014,-4.466851234436035,-0.3283141851425171,0.9558236002922058,classical
classical.00051.wav,0.38139426708221436,1527.629815786948,2079.6637015965525,3220.8471906443497,0.06010507872968266,0.08053867518901825,-230.2445526123047,119.15129089355469,-1.0509989261627197,28.387916564941406,10.008710861206055,16.128835678100586,4.791749000549316,6.190906524658203,0.9473565816879272,5.912571430206299,-1.178274393081665,3.5739595890045166,-2.1003577709198,classical
classical.00022.wav,0.2762569785118103,1211.1697476044014,1367.0610231789638,2236.9217662412993,0.06844094402552205,0.04788936302065849,-278.7973937988281,160.0293426513672,-28.409236907958984,23.02935218811035,-2.700129508972168,3.0024619102478027,-11.30244255065918,-0.5203940272331238,-11.356125831604004,3.1751229763031006,-5.079850673675537,4.348132610321045,-4.080542087554932,classical
classical.00082.wav,0.2827276289463043,1415.261246316878,1448.7395037817366,2489.7662027805973,0.08737817514984532,0.04300180450081825,-263.96630859375,142.13409423828125,-51.38689041137695,5.024369716644287,-20.27393341064453,-17.125633239746094,-16.0706729888916,-20.30716896057129,-15.036521911621094,-9.735162734985352,-8.405694007873535,-11.790454864501953,-6.888520240783691,classical
classical.00019.wav,0.2839931845664978,1185.2101390744244,1525.3350634052297,2290.7714277298433,0.057628894165699926,0.007993845269083977,-475.78643798828125,141.49749755859375,-8.478093147277832,34.00800704956055,0.5254315733909607,6.050452709197998,-0.008440317586064339,9.539244651794434,2.1636667251586914,7.102911949157715,-8.058456420898438,-0.11179639399051666,0.7685577869415283,classical
classical.00006.wav,0.26147446036338806,1372.6378004260011,1579.2133273157162,2737.714458562935,0.07290118365719257,0.03321557119488716,-295.7745666503906,134.53883361816406,-22.429553985595703,40.74411392211914,-5.875273704528809,9.255605697631836,-11.864521026611328,6.286139965057373,-8.856302261352539,4.393895149230957,-9.372191429138184,4.062892913818359,1.6453909873962402,classical
classical.00059.wav,0.28264132142066956,1551.1980314673463,1651.166213432087,2840.958923198231,0.093266250362529,0.06914731860160828,-197.1920928955078,137.40402221679688,-34.155982971191406,25.362674713134766,-5.277171611785889,-2.7751708030700684,-9.498249053955078,-7.608982086181641,-7.652765274047852,-5.666133403778076,-4.3799357414245605,-5.424618244171143,-3.5348737239837646,classical
classical.00098.wav,0.28991934657096863,1952.4955106143582,1865.7376170361988,3779.826563859484,0.12342262120552977,0.029093731194734573,-287.5845642089844,101.76427459716797,-35.354251861572266,41.28776168823242,-12.733184814453125,17.27873420715332,-13.967281341552734,16.303979873657227,-5.591361999511719,13.657965660095215,-8.786261558532715,-0.05221366509795189,-13.756943702697754,classical
classical.00042.wav,0.2618308365345001,1326.2034398354226,1326.4624260525256,2171.388118638905,0.09386497754204894,0.13417066633701324,-160.6461181640625,164.2802276611328,-48.755340576171875,1.6627678871154785,-7.611216068267822,-2.6623005867004395,-11.043171882629395,-6.996155738830566,-8.096745491027832,1.2530882358551025,-5.367456912994385,-4.139778137207031,-5.426041126251221,classical
classical.00032.wav,0.28318271040916443,792.8812344356368,1205.2491316508836,1207.4997620903423,0.036572756549690645,0.008044705726206303,-498.58624267578125,177.52615356445312,11.203656196594238,27.64444351196289,-2.828965663909912,5.101432800292969,-6.598233222961426,-1.0580012798309326,-4.148446559906006,-3.051424980163574,-9.910831451416016,-8.57186508178711,-9.18974494934082,classical
classical.00050.wav,0.286092609167099,1170.0280758805013,1595.365293667557,2360.084027425319,0.04948709698859242,0.007976115681231022,-449.52783203125,151.51983642578125,-12.76174259185791,44.26583480834961,6.236341953277588,4.053188323974609,-1.483168363571167,-1.6189016103744507,-2.489429235458374,-4.291277885437012,-9.667424201965332,-1.3484270572662354,0.1358950287103653,classical
classical.00079.wav,0.21763046085834503,789.4212072363385,898.0662077537447,1158.0633247534802,0.05208824258023975,0.018837695941329002,-437.6479187011719,170.98812866210938,7.427472114562988,-3.10046124458313,0.8014156818389893,-11.131898880004883,-12.522610664367676,-6.8977742195129395,-5.842573165893555,-8.446322441101074,-8.475860595703125,-8.339656829833984,-7.380613327026367,classical
classical.00016.wav,0.21927981078624725,1054.5457141605525,1455.6441872916032,1947.0645346940255,0.04765745843000773,0.008015458472073078,-482.58624267578125,154.8756866455078,-5.046085357666016,29.736520767211914,-1.8723477125167847,8.219618797302246,-4.781974792480469,9.648200035095215,-3.344435691833496,4.544590950012207,-10.09614086151123,-0.6560245156288147,-2.4551150798797607,classical
classical.00012.wav,0.2356157749891281,1180.383444615394,1332.2220685520304,2154.494396661108,0.06596252960653519,0.03140295669436455,-362.71929931640625,143.92416381835938,-19.001178741455078,30.640106201171875,1.039318561553955,0.2538709342479706,-7.9749016761779785,-3.8637399673461914,-8.913079261779785,3.2661590576171875,-4.428277492523193,3.6454787254333496,4.923276901245117,classical
classical.00008.wav,0.254753440618515,1516.83111776797,1629.7564323591969,2974.121716846723,0.07877792983855375,0.03404487669467926,-292.0603942871094,127.76256561279297,-29.894201278686523,37.42157745361328,-9.5501708984375,5.111379623413086,-13.812787055969238,7.028453826904297,-7.025754451751709,6.496709823608398,-9.902276992797852,4.70631217956543,0.36921700835227966,classical
classical.00056.wav,0.31304454803466797,1681.22547321384,1708.5929790860298,3078.2096015082466,0.09672226140528549,0.18982969224452972,-81.06881713867188,129.05197143554688,-42.45161437988281,33.1411247253418,5.68682861328125,-6.506629467010498,-2.272937059402466,7.403286933898926,-18.709312438964844,2.476947069168091,3.738560914993286,1.8881452083587646,-10.070892333984375,classical
classical.00018.wav,0.23900416493415833,1157.9167442283674,1320.686232879541,2181.9230011057134,0.0706663434116396,0.01869678683578968,-405.6073913574219,145.72434997558594,-0.8567999005317688,23.061988830566406,9.213997840881348,-2.639981985092163,-5.744576454162598,-2.0681838989257812,-0.6290876865386963,6.745628356933594,2.783690929412842,2.4438652992248535,5.08652925491333,classical
classical.00017.wav,0.256377637386322,1358.547002173604,1417.623243450624,2416.89804324971,0.08107885610015468,0.037362825125455856,-311.5872497558594,148.7118682861328,-33.46609878540039,10.31886100769043,-12.851101875305176,1.2147985696792603,-12.890238761901855,0.7991964221000671,-9.718398094177246,2.035125732421875,-5.117127418518066,6.7262678146362305,4.600520610809326,classical
classical.00062.wav,0.3201695680618286,1474.6678518921715,1813.1150198377748,2809.641685397332,0.07402917754253674,0.03893661126494408,-305.4315185546875,135.93765258789062,-11.767093658447266,18.2226619720459,10.36874771118164,3.004951000213623,-5.59476375579834,0.14868620038032532,-1.351224660873413,-1.8729990720748901,-3.2113196849823,-6.746241569519043,-2.6940855979919434,classical
classical.00028.wav,0.2629137337207794,1314.282125387892,1371.3984375047514,2398.554019087152,0.08109509437838361,0.06262078136205673,-228.91307067871094,153.93263244628906,-30.707155227661133,20.792274475097656,-6.108669757843018,1.1750282049179077,-10.78816032409668,-3.8675379753112793,-11.60189151763916,0.8686749339103699,-8.304291725158691,-0.712368905544281,-3.077139377593994,classical
classical.00052.wav,0.38781213760375977,2411.5866181146966,2435.9202566181157,4993.538147114269,0.12693159984048724,0.05546330288052559,-186.63197326660156,86.64537048339844,-15.727550506591797,14.736834526062012,-2.2047410011291504,6.256114959716797,-0.8920641541481018,0.6570256948471069,-6.092410087585449,-5.223966598510742,-7.879560470581055,-1.7269388437271118,-4.704252243041992,classical
classical.00086.wav,0.3120684325695038,1356.1549279503427,1494.6459667999225,2496.2028485716355,0.07683462333236658,0.031509675085544586,-283.4979248046875,159.58953857421875,-29.536367416381836,18.541332244873047,-9.867400169372559,-3.427704095840454,-10.990823745727539,-9.783079147338867,-8.297109603881836,-4.248380184173584,-2.869797706604004,-5.977563381195068,-4.024008274078369,classical
classical.00071.wav,0.20807969570159912,1397.4372725407006,1574.496203293957,2616.0343745468385,0.075862970079273,0.05168052017688751,-269.6727600097656,136.44247436523438,-25.02957534790039,26.401323318481445,0.675240159034729,-5.365645408630371,-1.1043055057525635,-1.4958301782608032,-0.17508989572525024,-3.8036422729492188,-9.292686462402344,-3.1417675018310547,1.6498812437057495,classical
classical.00009.wav,0.2705242931842804,1216.1877859259905,1582.8265880943743,2560.00308149652,0.056246752344354216,0.02380259521305561,-356.10589599609375,139.8126678466797,-6.2785773277282715,43.17738342285156,-8.851787567138672,11.047903060913086,-8.375142097473145,4.419640064239502,-8.284428596496582,8.676264762878418,-8.135021209716797,3.428734302520752,-1.4394304752349854,classical
classical.00084.wav,0.2457934021949768,1001.7383298167861,1151.3275533058668,1732.223786887326,0.057944596505220415,0.022011451423168182,-369.0356140136719,171.96292114257812,-27.319442749023438,6.018664360046387,-0.14774416387081146,-10.680950164794922,-11.923371315002441,-10.192580223083496,-11.356762886047363,-10.497932434082031,-8.36854076385498,-9.795355796813965,-5.054962635040283,classical
classical.00003.wav,0.23422929644584656,1526.6298823738111,1499.4393424163538,2916.000387452871,0.10894638498163187,0.029442084953188896,-326.861083984375,127.40240478515625,-30.606897354125977,37.45817184448242,-5.300832748413086,20.819963455200195,-1.7748234272003174,-4.613475322723389,-4.0446696281433105,5.224090576171875,-0.6530764698982239,2.7940306663513184,7.235352516174316,classical
classical.00058.wav,0.2656058073043823,1137.9955297131805,1480.5663879559968,1821.3126268851508,0.08184394334880124,0.030005529522895813,-349.9388427734375,161.82681274414062,-3.3702402114868164,14.195448875427246,5.771659851074219,3.5260348320007324,2.964038610458374,-7.113630771636963,-7.9146199226379395,-0.3415038287639618,2.8591179847717285,-2.4902167320251465,-6.781764507293701,classical
classical.00011.wav,0.2430950403213501,950.2545384089235,1112.8597253261503,1697.3842966031032,0.06075721734822119,0.0214912761002779,-385.3195495605469,177.19078063964844,-9.319134712219238,24.38172149658203,5.818262100219727,-4.568686485290527,-6.349385738372803,-6.9729509353637695,-4.134382724761963,3.8622360229492188,-0.33556684851646423,-0.9247466921806335,-3.64607310295105,classical
classical.00049.wav,0.311586856842041,2224.870163945009,2274.309912015473,4467.431319387336,0.10944642813951239,0.12381207942962646,-98.32328796386719,98.35693359375,-20.49176025390625,18.818138122558594,-2.0967204570770264,2.6635701656341553,-7.309946060180664,-3.586928129196167,-7.986064910888672,-1.9163094758987427,-4.727487087249756,0.6270760297775269,-2.591273069381714,classical
classical.00033.wav,0.30406466126441956,1128.2526115022185,1375.7637047829373,2165.71897431482,0.054395966260634185,0.012359344400465488,-429.0514221191406,120.77973937988281,-1.7062956094741821,17.947566986083984,7.746011257171631,-2.053644895553589,-3.937756299972534,-2.531834125518799,-0.5894198417663574,-0.8103667497634888,-9.058842658996582,-3.680361270904541,-0.9729583859443665,classical
classical.00085.wav,0.30977895855903625,1525.7810336955595,1588.2231373428465,2733.276253897187,0.09158955372679814,0.03889960050582886,-246.12374877929688,149.4347381591797,-41.99037551879883,11.616398811340332,-10.285727500915527,-4.01296329498291,-7.1368231773376465,-10.133123397827148,-9.417634010314941,-7.165168762207031,-3.1556875705718994,-5.642312526702881,-2.5849554538726807,classical
classical.00021.wav,0.2667466998100281,1371.0629154476974,1440.8059277727236,2569.5706183838456,0.07953924074342614,0.04547975957393646,-278.1661682128906,147.9115447998047,-31.566017150878906,20.365543365478516,-9.577174186706543,-6.237151145935059,-13.598540306091309,-0.661392331123352,-7.264620304107666,1.014122486114502,-11.751262664794922,-0.9713639616966248,-2.2172369956970215,classical
classical.00080.wav,0.4379059672355652,971.7773909688177,1614.7492952772816,1906.5711213928364,0.03153360341744006,0.0052764443680644035,-549.7567749023438,157.12164306640625,6.588772773742676,34.4301643371582,13.269286155700684,5.73420524597168,5.047469615936279,-3.0118825435638428,2.0593338012695312,3.0720882415771484,2.0148003101348877,3.2391562461853027,5.669092655181885,classical
classical.00030.wav,0.27837029099464417,1243.3447339713157,1358.536285274524,2352.273453360644,0.06370465366395979,0.02971753664314747,-315.7706298828125,149.67373657226562,-30.544578552246094,23.21129035949707,-8.683144569396973,-10.098002433776855,-15.730225563049316,-4.041795253753662,-7.646997928619385,0.04699093475937843,-11.139082908630371,-7.667931079864502,-5.867053031921387,classical
classical.00025.wav,0.29742565751075745,1184.1325500713592,1304.7053015563476,2139.2479562427493,0.0682921560808198,0.06410078704357147,-221.28013610839844,173.3295135498047,-37.456817626953125,24.363494873046875,-8.684724807739258,3.3894460201263428,-12.846460342407227,1.0835496187210083,-15.326762199401855,0.4285808801651001,-9.62472915649414,2.2923665046691895,-4.490748882293701,classical
classical.00091.wav,0.225918710231781,2192.6502901581057,1911.8261569498038,4066.0116598390373,0.15240530440351896,0.04476765915751457,-251.2267303466797,88.74597930908203,-41.787322998046875,37.92015838623047,-12.03349781036377,21.634788513183594,-5.862581253051758,25.71518898010254,-5.211887359619141,14.296337127685547,-7.554203987121582,10.476003646850586,-4.916655540466309,classical
classical.00020.wav,0.2690434157848358,1218.0647279249802,1353.5246231305991,2294.5767927059164,0.0697996725154679,0.0384584479033947,-300.8872985839844,161.13882446289062,-24.23980140686035,27.94919776916504,-2.8393197059631348,2.3620004653930664,-11.241930961608887,0.20784741640090942,-6.812556743621826,6.084776401519775,-8.130868911743164,-1.8218759298324585,-4.113842964172363,classical
classical.00064.wav,0.19900846481323242,1117.8503357890615,1944.5079022273617,1872.7391785092807,0.0422878752175174,0.012561473995447159,-498.7247619628906,145.6916046142578,46.53605270385742,15.265368461608887,3.0584959983825684,-0.836966335773468,-5.227452754974365,-6.211699962615967,-3.818588972091675,0.07846071571111679,2.723050832748413,2.2216529846191406,0.23647776246070862,classical
classical.00078.wav,0.22515007853507996,715.3997068104183,1030.4152640068119,1037.798803201131,0.041281857236078884,0.006629291921854019,-552.1200561523438,173.35479736328125,26.352298736572266,14.116414070129395,7.256919860839844,-7.08310604095459,-5.854581832885742,-10.339325904846191,-11.015789985656738,-9.189096450805664,-8.82291030883789,-4.927473068237305,-3.645650863647461,classical
classical.00023.wav,0.2672240436077118,983.7246422989198,1404.0226621274082,1852.7297867423144,0.04421683161736272,0.017149969935417175,-406.8506774902344,163.10853576660156,-2.4038236141204834,32.41763687133789,7.950085163116455,9.62694263458252,-5.451040267944336,9.500731468200684,-3.0604407787323,10.193543434143066,-10.35240650177002,-5.395328044891357,-8.049378395080566,classical
classical.00031.wav,0.3032655715942383,822.2358298355384,1136.1922404793333,1433.5151265226218,0.03944315545243619,0.026806114241480827,-374.0401306152344,172.47732543945312,6.43040657043457,20.10181999206543,5.923595428466797,1.5700654983520508,-6.700803279876709,-1.2017301321029663,-0.27616703510284424,0.3203914165496826,-6.544787406921387,-7.309696674346924,-7.331807613372803,classical
classical.00048.wav,0.2963743507862091,1513.8706372364393,1640.4926735768936,2766.775682237413,0.08720002350983797,0.1608574092388153,-124.05374908447266,148.6180419921875,-21.558513641357422,17.41118621826172,-1.436457872390747,4.125785827636719,-7.022972583770752,-5.12921667098999,-5.841978549957275,5.00676965713501,-6.2188720703125,-1.9009286165237427,-0.9008493423461914,classical
classical.00065.wav,0.20718026161193848,828.7510282027442,1325.4749706428076,1013.6759534512761,0.04750791521655066,0.029243210330605507,-421.616455078125,172.84239196777344,28.052249908447266,-2.5625252723693848,-3.584569215774536,-4.865512847900391,-8.893527030944824,-10.70395565032959,-7.681036472320557,-7.955807685852051,-7.324606895446777,-2.7090256214141846,-0.9145426750183105,classical
classical.00072.wav,0.2793487310409546,1285.145711575264,1659.9743894878304,2476.5848181917054,0.06374241710170148,0.02072436735033989,-360.8185729980469,138.986083984375,-12.936921119689941,33.786643981933594,7.5907063484191895,-1.7154349088668823,1.0259286165237427,4.0695481300354,3.9372975826263428,0.9441118836402893,0.5203142762184143,4.687004566192627,3.3392887115478516,classical
classical.00000.wav,0.2523919343948364,1505.1664239695372,1559.0057403444712,2716.306158008266,0.0982227015661253,0.036244891583919525,-268.1955261230469,135.6919708251953,-34.05140686035156,25.615507125854492,-12.977584838867188,17.90298843383789,-9.990348815917969,5.630702495574951,-14.142573356628418,7.490303993225098,-3.969332218170166,8.258573532104492,-1.3353263139724731,classical
classical.00067.wav,0.26736128330230713,1117.9923093935986,1701.5954395378842,1993.04533425174,0.04635726326856149,0.03172246739268303,-413.44171142578125,143.47869873046875,31.304401397705078,14.024495124816895,1.5122487545013428,-2.2945899963378906,-6.4661478996276855,-8.101449012756348,-5.929848670959473,-4.474499702453613,-2.798327684402466,-0.8140909075737,-1.2142255306243896,classical
classical.00001.wav,0.21499502658843994,1360.6436715050686,1441.2431338982612,2387.7291296584976,0.08776562802107502,0.030625173822045326,-324.0611572265625,133.59457397460938,-25.044692993164062,24.552642822265625,-11.947023391723633,17.667558670043945,-5.524336338043213,1.7110506296157837,-10.577141761779785,-0.8498296141624451,-7.808102607727051,3.525355100631714,5.048823356628418,classical
classical.00093.wav,0.22692808508872986,1623.8519279187194,1551.4158653452314,2732.31034068663,0.10824964955529776,0.08249171823263168,-207.38674926757812,117.60477447509766,-41.41357421875,13.24866771697998,-1.655465841293335,15.525357246398926,-10.332820892333984,-1.8827875852584839,-12.760220527648926,7.00240421295166,-0.7667924761772156,2.061206340789795,-8.255264282226562,classical
classical.00075.wav,0.21736133098602295,1171.4623081533855,1466.8463019068884,2235.3146865030453,0.06086408787703016,0.01647871546447277,-412.9704284667969,138.53778076171875,-19.24843978881836,34.16341018676758,8.97239875793457,-4.291573524475098,4.162137508392334,0.8806265592575073,3.0791401863098145,0.10465948283672333,-4.064545154571533,3.791708469390869,5.926168918609619,classical
classical.00069.wav,0.2366361916065216,1349.2750136365898,1522.8068193196475,2443.460656540023,0.07925337151972157,0.029150396585464478,-321.2634582519531,136.30853271484375,-28.29458236694336,31.038999557495117,0.5667710304260254,0.22700385749340057,0.6589531302452087,-1.3173216581344604,-0.04137158766388893,-0.4193570613861084,-6.18453311920166,-0.15657296776771545,-0.4766106605529785,classical
classical.00070.wav,0.24418820440769196,1355.5040220465617,1615.200722014902,2521.8245291654584,0.07083778941898686,0.03194452449679375,-321.1299743652344,134.6035919189453,-18.25528907775879,22.196823120117188,0.4218309223651886,-3.7993881702423096,0.4846670627593994,-1.144471526145935,-1.897786259651184,-0.10073312371969223,-2.7546026706695557,0.5867372751235962,2.4947595596313477,classical
classical.00088.wav,0.29436901211738586,1303.8905870850056,1456.3211090230636,2350.141782827001,0.07056627030162413,0.028275081887841225,-299.60308837890625,157.27076721191406,-37.33165740966797,15.771456718444824,-5.744014263153076,-4.456099033355713,-6.8125410079956055,-10.729723930358887,-9.876471519470215,-8.153111457824707,-5.423215389251709,-7.835010051727295,-2.731196165084839,classical
classical.00054.wav,0.3195151686668396,1702.2631838614686,1602.8332680694432,2820.9643220248286,0.11507495897545662,0.1741567999124527,-108.03529357910156,127.27288055419922,-44.95221710205078,31.24362564086914,4.355782985687256,-4.945937633514404,-15.877520561218262,14.630619049072266,-7.7887444496154785,-1.210603952407837,2.831526517868042,17.271968841552734,-4.097477436065674,classical
classical.00038.wav,0.2944185435771942,1279.2759794519593,1339.2976208331934,2376.9875086100637,0.07583880147911833,0.04434818774461746,-275.975341796875,146.34664916992188,-36.5854377746582,24.199073791503906,-2.5317869186401367,-2.1612844467163086,-13.295881271362305,-6.52030086517334,-9.401674270629883,-3.11775279045105,-11.540444374084473,-4.1952805519104,-1.6863552331924438,classical
classical.00024.wav,0.2532781958580017,1253.1021072415497,1371.45287848749,2292.7448883410675,0.07162893343967518,0.06670055538415909,-223.13873291015625,163.24725341796875,-34.40705871582031,24.167539596557617,-10.289612770080566,3.2232720851898193,-12.868553161621094,0.7977529764175415,-14.268085479736328,1.6681262254714966,-10.141014099121094,0.23514088988304138,-4.54720401763916,classical
classical.00035.wav,0.3191639482975006,1016.183868647418,1152.0046399335154,1823.8689661579176,0.06112352269431554,0.040670499205589294,-319.69293212890625,166.0106964111328,-11.93993091583252,27.277545928955078,7.825562953948975,1.7427207231521606,-7.855803966522217,-2.3967838287353516,-2.898453950881958,-2.5164222717285156,-11.373649597167969,-4.612367630004883,-4.490787029266357,classical
classical.00014.wav,0.23403248190879822,1279.4349030215276,1370.5555042250276,2388.986482199826,0.06845076251933488,0.031625304371118546,-324.5988464355469,147.82327270507812,-31.917373657226562,27.39212417602539,-4.489180564880371,-4.173313617706299,-12.580121994018555,-5.148221015930176,-7.733166694641113,0.826869547367096,-8.188446044921875,-0.8406908512115479,0.9933266043663025,classical
classical.00099.wav,0.33390846848487854,1525.1238505471106,1869.0562613142845,3325.680818137326,0.08068536107888631,0.010505528189241886,-378.6697082519531,126.48252868652344,-18.821802139282227,42.892330169677734,-14.304485321044922,25.3521785736084,-14.636221885681152,18.699447631835938,-10.180535316467285,21.11648941040039,4.444666862487793,18.222326278686523,-10.28749942779541,classical
classical.00044.wav,0.2522919178009033,1181.3400969829443,1411.8816566977744,2032.7227174267691,0.0717101248308198,0.017926150932908058,-402.1960144042969,154.01280212402344,-15.234305381774902,15.306427955627441,-3.0714192390441895,-3.169816493988037,-9.762609481811523,-17.31507110595703,-12.308243751525879,-7.91102409362793,-7.106222629547119,-0.2997579574584961,1.531477928161621,classical
classical.00076.wav,0.2603875994682312,1340.6423820206642,1539.0449815202196,2522.5156567212875,0.07174562246229699,0.05881597474217415,-238.72607421875,149.73268127441406,-28.86225128173828,28.271631240844727,-0.7836425304412842,-3.9316844940185547,-2.1489953994750977,-4.34683084487915,-4.187112331390381,-3.433684825897217,-5.754953861236572,-0.09463895112276077,2.541508913040161,classical
classical.00047.wav,0.2585115134716034,1173.8835906862394,1517.2258063543427,2082.72537974913,0.06634016398395205,0.00949530117213726,-436.8584289550781,154.1332244873047,-19.9031925201416,20.182828903198242,3.171194553375244,0.46173015236854553,-6.528066635131836,-4.611454486846924,-10.069052696228027,-6.1590657234191895,-4.532596111297607,-2.76637601852417,-5.221075534820557,classical
classical.00073.wav,0.21631920337677002,1211.6130429168547,1337.900713277209,2105.241149760731,0.0709397507008894,0.04380865395069122,-306.8489990234375,152.85926818847656,-27.601045608520508,16.330490112304688,-3.141580820083618,-8.93311595916748,-5.436671257019043,-9.77867317199707,-7.106647491455078,0.29862093925476074,0.8942699432373047,5.444418430328369,8.217878341674805,classical
classical.00041.wav,0.26824069023132324,1329.4383851552363,1415.7213924728874,2462.312617821926,0.07881720381380511,0.021289005875587463,-368.4895935058594,124.26805114746094,-31.56978416442871,17.59484100341797,2.321777582168579,-5.949942111968994,-11.803566932678223,-5.524955749511719,-5.394247055053711,-1.3068021535873413,-8.428803443908691,-3.620492458343506,2.208922863006592,classical
classical.00074.wav,0.2374052107334137,1360.1539234719019,1572.601835107163,2568.996066560325,0.0721379845804331,0.037314753979444504,-289.7109069824219,143.902099609375,-26.998798370361328,24.067922592163086,-1.1486259698867798,-6.298394203186035,-2.740370273590088,-3.5235447883605957,-3.019984722137451,-3.146547794342041,-7.264842510223389,-1.6957292556762695,3.0778305530548096,classical
classical.00015.wav,0.2166498899459839,1371.28085849806,1562.1147258566575,2619.689856438515,0.07571871374709976,0.011433251202106476,-449.53582763671875,124.97042083740234,-19.86003303527832,27.523101806640625,-5.764224529266357,2.1967968940734863,-6.5861945152282715,10.58436393737793,3.346987724304199,14.38015079498291,1.9804751873016357,5.2539544105529785,4.41965913772583,classical
classical.00010.wav,0.24495534598827362,1497.3690865419846,1570.642351791186,2868.5790449173433,0.08621732707366589,0.029510604217648506,-314.9978942871094,128.71463012695312,-28.9227237701416,30.83425521850586,-8.99101448059082,7.990176200866699,-9.850890159606934,1.4329246282577515,-8.979047775268555,6.066536903381348,-3.302955389022827,7.613114356994629,3.8017590045928955,classical
classical.00002.wav,0.27795809507369995,1490.2753639425305,1600.1157444641121,2785.2940110208815,0.09004578439191802,0.04385954886674881,-235.25372314453125,141.1099853515625,-34.67073440551758,30.966611862182617,-16.380020141601562,23.110828399658203,-11.03014850616455,7.6386823654174805,-19.01194190979004,4.219428539276123,-11.827600479125977,8.911826133728027,-1.4316377639770508,classical
classical.00034.wav,0.2739790380001068,1369.4900886512166,1465.8630053127868,2655.0622643561487,0.07354051865815932,0.03891215845942497,-309.2473449707031,138.6697540283203,-29.714157104492188,33.62291717529297,-0.35840052366256714,5.22252082824707,-6.322706699371338,3.2711434364318848,-6.699365139007568,-0.6900912523269653,-13.237817764282227,-8.529128074645996,-9.662935256958008,classical
classical.00036.wav,0.23927684128284454,1282.2856388021637,1503.503329998249,2441.945172020012,0.059409440255220415,0.01599917747080326,-419.2956237792969,127.41400909423828,-3.79459285736084,23.194433212280273,-4.315728664398193,4.05063533782959,-8.195415496826172,-7.608793258666992,-7.0692243576049805,-2.9153542518615723,-7.407393455505371,-5.429960250854492,-9.092166900634766,classical
classical.00037.wav,0.284150093793869,1533.6682304048495,1464.5177613008113,2837.603207475348,0.09391540385730858,0.041532643139362335,-275.4006042480469,125.33232879638672,-41.02280044555664,24.58866310119629,-4.748533248901367,-4.267513751983643,-14.983231544494629,-5.046975612640381,-4.988296985626221,2.4667999744415283,-10.883784294128418,-8.020301818847656,-5.155877113342285,classical
classical.00043.wav,0.19101741909980774,1063.0746815809432,1552.2661855444117,1610.7352201457365,0.05100896352958237,0.11534157395362854,-249.63426208496094,161.59716796875,10.1595458984375,-3.066417694091797,-0.5780752301216125,-2.063037157058716,-12.19624137878418,-8.614082336425781,-14.639425277709961,-12.050178527832031,-12.29947280883789,-7.162608623504639,-7.87839937210083,classical
classical.00060.wav,0.3053317070007324,1803.9121542515827,1898.3329302679663,3367.006915240719,0.1040197668938515,0.06875481456518173,-166.3934783935547,122.11941528320312,-32.11149978637695,16.68393898010254,-5.395673751831055,-2.486983060836792,-9.820252418518066,-4.901546955108643,-6.964920997619629,-4.573855876922607,-6.645280361175537,-5.491032123565674,-5.368008136749268,classical
classical.00081.wav,0.26682695746421814,1213.971712394091,1539.592685889985,2163.887069949971,0.06057444230955143,0.01654611900448799,-374.6436462402344,153.85194396972656,-21.576778411865234,20.847726821899414,7.007452964782715,-3.94474458694458,-2.5182206630706787,-2.8123350143432617,-4.29484748840332,-4.509094715118408,-5.7586894035339355,-4.25909423828125,-3.8445487022399902,classical
classical.00040.wav,0.25059983134269714,1396.5924291389088,1525.4505144360933,2652.4143298651393,0.07262022368039443,0.019731596112251282,-358.73284912109375,129.0865936279297,-30.382150650024414,19.87775230407715,-10.365019798278809,-0.6520814895629883,-10.599553108215332,1.5455328226089478,-3.965301036834717,1.8692715167999268,-8.840754508972168,-7.1705002784729,-8.211201667785645,classical
classical.00039.wav,0.2708035111427307,1633.7200727741772,1735.08282741662,3161.7170506453017,0.10895658110982212,0.012815866619348526,-409.49993896484375,116.7966537475586,-16.18402862548828,11.690950393676758,0.7109471559524536,5.9916253089904785,-4.25298547744751,0.4994749128818512,0.4315577447414398,12.591691970825195,-1.1124173402786255,-1.150225281715393,4.958817958831787,classical
classical.00007.wav,0.27653801441192627,1358.8507735998005,1516.24077188961,2667.719058149652,0.07312700901488786,0.040911510586738586,-286.74188232421875,135.93319702148438,-24.439380645751953,36.64537048339844,-6.230932235717773,6.949923515319824,-8.159003257751465,3.831786632537842,-4.3918585777282715,6.4254655838012695,-4.125,1.5406855344772339,-4.340679168701172,classical
classical.00061.wav,0.2817732095718384,1322.0704415985415,1590.4156150419078,2473.6287906938805,0.0761046560808198,0.04819563031196594,-274.359375,148.37342834472656,-20.323820114135742,21.7918701171875,7.950322151184082,3.7862212657928467,-2.2285375595092773,-6.084719181060791,-5.624156475067139,-6.696158409118652,-5.91206693649292,-4.588786602020264,-1.5350865125656128,classical
classical.00092.wav,0.18113742768764496,1807.8898911540407,1439.1073018460183,3073.0112451964906,0.13096813370069604,0.08414982259273529,-299.6480407714844,103.64811706542969,-27.680246353149414,51.01206588745117,12.305221557617188,16.478336334228516,-10.935712814331055,-0.8951448798179626,3.862285852432251,12.954363822937012,-12.407246589660645,2.46608304977417,5.1903510093688965,classical
classical.00055.wav,0.18659408390522003,1079.4087644137578,1388.3786404626753,1764.4070158425175,0.05933844499226605,0.013062980957329273,-483.9385070800781,144.2074737548828,1.3752325773239136,8.09077262878418,4.930779457092285,-2.3149728775024414,-2.747194290161133,-6.8433074951171875,-10.153437614440918,-8.064205169677734,-7.1456732749938965,-10.553607940673828,-7.782835960388184,classical
classical.00027.wav,0.2406926155090332,901.6906629096742,1171.7836402523812,1456.3389895410382,0.053432620963843776,0.028414912521839142,-366.2355651855469,181.62322998046875,-5.518502712249756,26.995458602905273,-4.817452430725098,4.605112552642822,-10.530319213867188,0.15219512581825256,-11.131730079650879,3.5744943618774414,-10.335647583007812,-1.0859051942825317,-4.6027913093566895,classical
classical.00077.wav,0.219036266207695,811.5604155421513,1008.5172345706965,1235.761050337152,0.048334934503093584,0.016753310337662697,-477.9508056640625,155.36328125,12.765870094299316,5.526382923126221,2.4022271633148193,-10.652609825134277,-16.645296096801758,-12.537702560424805,-11.184162139892578,-9.372798919677734,-3.2123305797576904,-2.765850067138672,-6.476381301879883,classical
classical.00087.wav,0.2743581235408783,876.9834292869971,1108.524562668112,1457.4131516458817,0.05104483879543697,0.0214698426425457,-392.92291259765625,190.78292846679688,-13.342517852783203,8.27839469909668,1.5497223138809204,-11.070780754089355,-11.240392684936523,-14.006674766540527,-10.618851661682129,-9.38476848602295,-4.619543075561523,-10.070488929748535,-4.819359302520752,classical
classical.00053.wav,0.3041040301322937,1462.3063000536993,1555.7954792054704,2740.054859834559,0.08767017105137509,0.1383577287197113,-121.81433868408203,149.67271423339844,-42.8459587097168,24.48899269104004,-5.412306785583496,10.667715072631836,-2.828141927719116,0.7871524691581726,-6.39939546585083,4.482999324798584,-1.2243858575820923,1.2597559690475464,-1.1985429525375366,classical
classical.00097.wav,0.2222650796175003,1494.4198208263688,1671.1959862716571,2781.813392727668,0.08590993269044857,0.03672006353735924,-280.6795654296875,122.71280670166016,-14.39484691619873,26.860963821411133,1.347654104232788,5.995553970336914,-13.10958194732666,3.374727249145508,-11.556767463684082,5.183155059814453,-1.044058084487915,2.751088857650757,0.054791159927845,classical
classical.00094.wav,0.36887747049331665,1423.4579191374974,1696.563232966888,2926.0259004314094,0.07011877356438515,0.013990558683872223,-385.8355712890625,128.6689910888672,-26.718528747558594,39.470829010009766,-2.1588008403778076,16.757965087890625,-5.719224452972412,14.718160629272461,-3.088406562805176,12.293642044067383,-5.889204978942871,2.7892823219299316,3.6823151111602783,classical
classical.00096.wav,0.2930520474910736,1933.6896020784636,1740.491088391426,3573.9621474405453,0.11757193179621037,0.05698667839169502,-203.6249542236328,111.14585876464844,-51.55012512207031,39.45784378051758,-10.566590309143066,11.89577865600586,-13.162065505981445,15.126839637756348,-7.2787861824035645,13.377410888671875,-7.293882846832275,3.8445091247558594,-3.7725613117218018,classical
country.00006.wav,0.4214858114719391,2807.798623323479,2778.2600751105238,6022.583194607163,0.1283081334879495,0.2141377180814743,-23.165637969970703,71.15422821044922,1.5789663791656494,24.444639205932617,16.317766189575195,4.575494766235352,-3.8825652599334717,17.99947738647461,-3.3434436321258545,2.4392499923706055,2.9162213802337646,0.8202899098396301,-1.1060092449188232,country
country.00084.wav,0.31983673572540283,1964.842880148808,2036.3820984889117,4059.1420184708527,0.0929928430732792,0.18069547414779663,-80.20111083984375,108.20860290527344,-23.832515716552734,52.631996154785156,-6.411445617675781,15.065774917602539,-17.652095794677734,9.721558570861816,-16.176359176635742,8.915453910827637,-15.952363967895508,8.011224746704102,-10.704574584960938,country
country.00098.wav,0.27081820368766785,1425.0102958845073,1690.9488581901903,2980.1253670606147,0.06172207318252127,0.17632217705249786,-139.55894470214844,128.8077392578125,-20.2224063873291,49.41929244995117,-2.1611487865448,16.970991134643555,-8.32038688659668,9.811273574829102,-20.12681007385254,2.4917714595794678,-11.236035346984863,3.7693121433258057,-6.397823333740234,country
country.00087.wav,0.32850366830825806,1591.2928724768597,1806.8732423159277,3162.8828079683876,0.07395969281709204,0.10862676799297333,-170.80776977539062,124.7523422241211,-19.2241268157959,39.20478439331055,-3.7496230602264404,15.295649528503418,-12.963912963867188,8.524565696716309,-11.82491397857666,11.323732376098633,-13.772379875183105,3.108306646347046,-10.077925682067871,country
country.00032.wav,0.3310410976409912,1823.0687937358653,2205.69158346877,4015.4927335593097,0.06758635742942769,0.06052462384104729,-237.91400146484375,97.74066162109375,6.486993312835693,45.97633743286133,2.147954225540161,16.222749710083008,8.805923461914062,7.762761116027832,-0.588120698928833,4.484873294830322,0.1450572907924652,3.0194129943847656,-1.6621148586273193,country
country.00060.wav,0.3420780301094055,1373.672817662343,1930.7665861832722,3070.3882912195477,0.04291625882153906,0.14103147387504578,-178.44419860839844,130.10279846191406,12.084436416625977,47.03776168823242,2.6194355487823486,24.088787078857422,-4.6134562492370605,22.7719669342041,-10.922355651855469,13.527216911315918,-6.7975993156433105,8.723130226135254,-6.095855712890625,country
country.00075.wav,0.37186285853385925,2187.086711351461,2242.0767272311095,4840.857245142111,0.11371855060904873,0.17974109947681427,-60.88413619995117,105.47566223144531,-16.891281127929688,40.70618438720703,-15.02649211883545,36.02470779418945,-12.803593635559082,17.482776641845703,-16.734508514404297,11.75727367401123,-10.129631996154785,13.192774772644043,-12.202502250671387,country
country.00012.wav,0.2965644299983978,1667.439236105422,2052.6236940061167,3439.542001250725,0.06405358782869296,0.12696382403373718,-140.98521423339844,123.92884826660156,-2.5143306255340576,27.964351654052734,-0.006738507654517889,1.2093119621276855,-11.018566131591797,-1.3617688417434692,-7.0170979499816895,-6.121342182159424,-5.181911945343018,-2.158442735671997,-4.600535869598389,country
country.00039.wav,0.4376552700996399,3760.290663960851,3052.8406521983516,7441.953272277407,0.21236722375290024,0.0963778868317604,-89.67386627197266,36.28579330444336,11.468299865722656,37.4998893737793,9.179726600646973,3.7282464504241943,2.828538179397583,6.823261260986328,1.469852089881897,0.10100138187408447,1.032421588897705,1.1742167472839355,-3.563746929168701,country
country.00064.wav,0.2633974254131317,1511.6510939715406,1865.562603256125,3236.808475928074,0.06007520966260634,0.08256956934928894,-217.8436737060547,128.38082885742188,-7.489437580108643,39.25254821777344,-2.512134075164795,18.151796340942383,-15.130851745605469,16.750951766967773,-15.251422882080078,4.877809524536133,-6.493602752685547,2.8954575061798096,-11.497562408447266,country
country.00083.wav,0.31853631138801575,1436.0750491855931,1729.6708462141694,2924.277264446781,0.059544633362335654,0.13105827569961548,-148.50250244140625,141.27963256835938,-15.892202377319336,44.664405822753906,0.9990852475166321,13.659056663513184,-13.239484786987305,12.647836685180664,-11.70189380645752,12.156607627868652,-10.480562210083008,9.912002563476562,-5.066420555114746,country
country.00013.wav,0.36808905005455017,2811.73987219857,2841.675897037212,6061.172010948376,0.1295221716695669,0.08004845678806305,-126.1754150390625,77.66365051269531,3.1590776443481445,19.9475154876709,10.816590309143066,0.7302650809288025,5.225821495056152,-0.4975937604904175,-0.999875545501709,5.398598670959473,-3.721517324447632,-3.4931490421295166,-5.3338398933410645,country
country.00069.wav,0.35225003957748413,1327.6835009450765,1632.8132879465793,2755.7670433947214,0.06107367495649652,0.08719071745872498,-217.0956573486328,136.18626403808594,-10.360360145568848,51.37657165527344,2.6014087200164795,15.120927810668945,-0.6671307682991028,12.283902168273926,-6.230838775634766,7.7983317375183105,-5.416997909545898,3.614485502243042,-2.797229528427124,country
country.00018.wav,0.3700266182422638,2068.686361980023,2370.0947773521034,4098.40305974478,0.09558907941802011,0.0967935100197792,-131.1271209716797,102.98963165283203,-11.526986122131348,17.742387771606445,16.950889587402344,4.443438529968262,1.2984261512756348,3.4160070419311523,-1.499869465827942,1.6113947629928589,-7.986048698425293,-0.8262618184089661,-8.877859115600586,country
country.00093.wav,0.25108805298805237,1537.649194401882,1716.1097370572518,3055.325041237674,0.06812788512664346,0.09255199879407883,-213.58212280273438,117.22309112548828,-21.8720703125,45.651947021484375,-10.289831161499023,5.055660724639893,-11.914362907409668,5.57570743560791,-17.804672241210938,0.18622812628746033,-14.172100067138672,-1.1578783988952637,-10.305900573730469,country
country.00017.wav,0.3573404550552368,1470.1888295787132,1960.158256724041,2967.6767442176624,0.06387005752126837,0.08872513473033905,-171.29129028320312,137.33084106445312,7.953132629394531,28.537179946899414,2.6923842430114746,-0.5005809664726257,-2.9544217586517334,-1.1463475227355957,-6.15360689163208,-2.399937152862549,-5.856936454772949,-2.1754350662231445,-5.339761257171631,country
country.00011.wav,0.30090227723121643,2839.2887217882185,2798.5660016925626,6048.140509443881,0.11016274531129157,0.07849885523319244,-199.03079223632812,61.13566589355469,9.977105140686035,23.48760414123535,10.273458480834961,0.010002495720982552,8.022958755493164,1.124899983406067,-4.896873950958252,9.487030982971191,-6.357680797576904,3.8753511905670166,1.6241106986999512,country
country.00022.wav,0.3215034008026123,1719.3092365788868,2142.286763087528,3449.4009774688225,0.06805726749806651,0.07515671849250793,-195.0605926513672,114.2572021484375,0.05422721058130264,38.210243225097656,11.28742504119873,-6.041079998016357,1.2271348237991333,0.005355138797312975,-15.414558410644531,-3.5711240768432617,-6.128514289855957,-4.4870219230651855,-0.1167936772108078,country
country.00029.wav,0.30992862582206726,1214.048919472668,1555.3399379705984,2273.9761954393853,0.054210547781322505,0.11710812896490097,-171.22010803222656,160.5003204345703,-17.81252670288086,30.494558334350586,7.512681007385254,-8.245816230773926,-5.668393135070801,0.13532815873622894,-8.834623336791992,-2.6545770168304443,0.709893524646759,-3.7793073654174805,-6.504766464233398,country
country.00077.wav,0.33736124634742737,1512.9985603792006,1558.1139623911931,2922.345438025667,0.08782189554331013,0.13149769604206085,-118.18706512451172,152.9668426513672,-46.51026916503906,31.115102767944336,-17.286691665649414,6.265568256378174,-3.6716983318328857,13.043842315673828,-13.127054214477539,15.689167976379395,-13.074953079223633,5.703221797943115,-10.688223838806152,country
country.00059.wav,0.28432759642601013,1535.2795344590565,2011.7624481095538,3509.912109375,0.0525349840487239,0.14549367129802704,-185.04742431640625,120.51262664794922,29.736223220825195,56.37724685668945,-3.0307776927948,22.207426071166992,-10.348429679870605,20.054243087768555,-13.682731628417969,9.174515724182129,-6.423464298248291,3.294689893722534,-8.735302925109863,country
country.00043.wav,0.40308013558387756,2530.388880021283,2491.2397858305826,5070.036808022767,0.13428527407192575,0.09503626078367233,-101.15570831298828,85.45491027832031,-19.700145721435547,20.57249641418457,9.993921279907227,7.599152565002441,0.10103404521942139,3.405654191970825,0.05640505254268646,1.5781506299972534,-1.4501144886016846,-1.2908273935317993,2.136167526245117,country
country.00092.wav,0.3704802095890045,2335.0732890934605,2212.575874895393,4839.2751459179235,0.12120930611948956,0.17653429508209229,-50.7518196105957,96.70516204833984,-24.31789207458496,66.08042907714844,-14.691866874694824,24.385984420776367,-21.0242862701416,12.462281227111816,-18.149168014526367,13.252155303955078,-12.808225631713867,9.793718338012695,-11.343371391296387,country
country.00081.wav,0.3784409463405609,2102.3281888392166,2152.7652938002825,4418.120332439095,0.10104778434358082,0.16788698732852936,-74.12642669677734,107.60010528564453,-21.17962646484375,47.214420318603516,-5.977449893951416,17.78767967224121,-20.407306671142578,14.968517303466797,-15.963006973266602,15.740865707397461,-14.652679443359375,10.67768383026123,-10.131951332092285,country
country.00085.wav,0.33789342641830444,1596.3075160275193,1853.3162109591794,3291.4408601906903,0.06926758567768755,0.13549542427062988,-145.99526977539062,124.62667083740234,-17.91832160949707,49.24787139892578,-0.1556611806154251,22.779769897460938,-7.1806135177612305,16.739627838134766,-9.713183403015137,15.43089485168457,-7.6280903816223145,10.920393943786621,-3.449840784072876,country
country.00057.wav,0.3150411546230316,1741.7395076824605,1985.5992156442633,3790.310052929234,0.07544530645784996,0.13015414774417877,-137.82296752929688,121.53431701660156,-13.277685165405273,43.32655334472656,-10.697656631469727,17.857208251953125,-7.9370574951171875,9.101179122924805,-19.78598976135254,9.439495086669922,-19.6043643951416,6.910543918609619,-12.543537139892578,country
country.00062.wav,0.3905179500579834,2166.471557095469,2277.3933146476797,4793.6190930430685,0.10233551757057231,0.13015125691890717,-94.1148910522461,109.19517517089844,-11.852442741394043,41.57529067993164,-19.483413696289062,23.837045669555664,-19.9287109375,20.376190185546875,-17.292415618896484,16.56681251525879,-10.201798439025879,9.3903169631958,-10.049056053161621,country
country.00027.wav,0.3918274939060211,2011.6423244781854,2140.3568104888227,3907.5935664696926,0.09735036615429234,0.11664443463087082,-100.74244689941406,106.98484802246094,-27.1610050201416,29.106435775756836,5.043511390686035,-5.4201273918151855,3.246624708175659,-5.181634426116943,-5.126183986663818,-0.8220013976097107,-3.837446928024292,-2.7021470069885254,-6.640825271606445,country
country.00008.wav,0.35530203580856323,2505.7118922142513,2574.2981184736086,5479.959461738627,0.10456258734097919,0.27451619505882263,-19.724721908569336,76.64905548095703,-4.828754425048828,32.23617172241211,7.710165023803711,17.190839767456055,-1.4884229898452759,9.151179313659668,2.756342649459839,9.147740364074707,-2.6514055728912354,7.527002811431885,0.3916194438934326,country
country.00054.wav,0.312862366437912,1654.2022722845513,2105.3837070974314,3907.510298089472,0.06018472363205723,0.10432690382003784,-174.97488403320312,115.7171401977539,5.106381893157959,58.1695556640625,-3.305117607116699,29.656005859375,-10.029459953308105,19.65897560119629,-16.309059143066406,13.749795913696289,-8.828230857849121,7.220381259918213,-8.88591480255127,country
country.00099.wav,0.3808384835720062,2157.4770613555174,2160.389366514926,4478.648118021317,0.10824587321152358,0.2208106964826584,-42.14101791381836,106.2569351196289,-24.205154418945312,44.66939926147461,-12.335083961486816,20.522794723510742,-16.045717239379883,18.48575210571289,-18.775583267211914,15.510425567626953,-15.453373908996582,8.948846817016602,-9.9699125289917,country
country.00094.wav,0.3668140172958374,1474.633907805747,1745.5164994731538,3107.7175060723607,0.0629996102813225,0.2067791372537613,-104.30146789550781,136.42401123046875,-20.96894645690918,52.842994689941406,2.0333497524261475,20.441082000732422,-11.608102798461914,17.66217803955078,-15.74055290222168,11.053033828735352,-11.325998306274414,3.6736598014831543,-6.494364261627197,country
country.00074.wav,0.35502496361732483,1534.0256765890642,1697.0711819286034,3117.751345888921,0.07112819025522042,0.08233685791492462,-207.21536254882812,130.93447875976562,-18.500741958618164,33.30662536621094,-3.925002098083496,15.375706672668457,-6.39925479888916,2.936305046081543,-16.783954620361328,7.089745044708252,-8.578887939453125,4.814068794250488,-12.240508079528809,country
country.00021.wav,0.2892020344734192,1044.0462117419274,1392.7596296581896,1946.4400218423723,0.04564919881090487,0.10986439138650894,-209.3420867919922,167.1572723388672,-20.86927604675293,36.82771301269531,10.269156455993652,4.01041841506958,-5.674799919128418,-4.622757434844971,-6.246322154998779,-4.17306661605835,-6.682754039764404,-3.2489206790924072,-7.9694085121154785,country
country.00048.wav,0.3110642433166504,1939.7642418435357,2482.512912543302,4127.871739504785,0.06396371084686775,0.11693265289068222,-148.96546936035156,107.24224090576172,11.193098068237305,26.70330047607422,11.396147727966309,-3.806002140045166,14.022876739501953,-5.870373249053955,-11.04255199432373,2.801875352859497,-8.448975563049316,3.182692766189575,-0.7675941586494446,country
country.00045.wav,0.34551411867141724,2777.3828548885317,2647.7099685583617,5622.414261890951,0.13297072880413766,0.14664021134376526,-61.216102600097656,71.24165344238281,-17.03208351135254,17.13746452331543,5.068580627441406,-4.2091851234436035,-1.6854188442230225,1.176857352256775,-0.8558759093284607,4.965839385986328,-1.7027194499969482,4.843979835510254,-0.162241593003273,country
country.00079.wav,0.31033092737197876,963.4905601645287,1235.4158567095851,1754.4231370540892,0.045760600952242846,0.1153411865234375,-229.03807067871094,180.35633850097656,4.526342868804932,24.161378860473633,1.0975037813186646,4.004453659057617,-5.9982781410217285,1.8956490755081177,-13.12757682800293,0.019369859248399734,-13.498175621032715,1.5882686376571655,-13.411388397216797,country
